DeviceID,IMEINo,Installation_Date,Site_ID,Site_Name,Upload_HistoryID,Syn_ID,UploadDate,ID,VisitMonthID,SampleRequired,TotalCases,RandomInitialNumber,CasesList,CasesListSorted,CreatedDate,CreatedBy,UpdatedDate,UpdatedBy,Uuid
6,IMEI_353967070546570,20-Apr-2017 04:13,1000903,KLINIK KESIHATAN BATU ANAM,86,93,25-Apr-2017 22:11,1,201611,17,145,124,"124
133
141
5
13
22
30
39
47
56
64
73
81
90
98
107
115","5
13
22
30
39
47
56
64
73
81
90
98
107
115
124
133
141",23-Apr-2017 09:37,Yvonne,23-Apr-2017 10:15,Yvonne,D9A9B563-7057-62DB-0BFB-669439383293
6,IMEI_353967070546570,20-Apr-2017 04:13,1000903,KLINIK KESIHATAN BATU ANAM,86,94,25-Apr-2017 22:11,2,201612,17,83,19,"19
24
29
34
39
43
48
53
58
63
68
73
78
82
4
9
14","4
9
14
19
24
29
34
39
43
48
53
58
63
68
73
78
82",23-Apr-2017 10:34,Yvonne,23-Apr-2017 16:54,Yvonne,4EB9A792-9326-7B93-BCC2-97B39AE12D19
6,IMEI_353967070546570,20-Apr-2017 04:13,1000903,KLINIK KESIHATAN BATU ANAM,86,95,25-Apr-2017 22:11,3,201701,17,64,25,"25
29
33
36
40
44
48
51
55
59
63
2
6
10
14
17
21","2
6
10
14
17
21
25
29
33
36
40
44
48
51
55
59
63",23-Apr-2017 11:23,Yvonne,24-Apr-2017 10:09,Yvonne,7BC01FAD-00AD-BFFD-E2A7-50B51023CA0A
6,IMEI_353967070546570,20-Apr-2017 04:13,1000903,KLINIK KESIHATAN BATU ANAM,86,96,25-Apr-2017 22:11,4,201702,17,128,93,"93
101
108
116
123
3
10
18
25
33
40
48
55
63
70
78
85","3
10
18
25
33
40
48
55
63
70
78
85
93
101
108
116
123",23-Apr-2017 12:19,Yvonne,24-Apr-2017 09:53,Yvonne,EB28692D-EB65-D793-07B3-AD4557AC48A0
6,IMEI_353967070546570,20-Apr-2017 04:13,1000903,KLINIK KESIHATAN BATU ANAM,86,97,25-Apr-2017 22:11,5,201703,17,113,19,"19
26
32
39
46
52
59
66
72
79
85
92
99
105
112
6
12","6
12
19
26
32
39
46
52
59
66
72
79
85
92
99
105
112",23-Apr-2017 12:40,Yvonne,23-Apr-2017 12:41,Yvonne,63685190-0927-871B-300F-AB77CD1078C7
6,IMEI_353967070546570,20-Apr-2017 04:13,1000903,KLINIK KESIHATAN BATU ANAM,86,98,25-Apr-2017 22:11,6,201611,17,169,102,"102
112
122
132
142
152
162
3
13
22
32
42
52
62
72
82
92","3
13
22
32
42
52
62
72
82
92
102
112
122
132
142
152
162",24-Apr-2017 10:41,Yvonne,24-Apr-2017 10:43,Yvonne,C6BF572E-2900-3281-0D22-DFABD4EFCF7C
6,IMEI_353967070546570,20-Apr-2017 04:13,1000903,KLINIK KESIHATAN BATU ANAM,86,99,25-Apr-2017 22:11,7,201704,84,99,86,"86
87
88
90
91
92
93
94
95
97
98
99
1
2
4
5
6
7
8
9
11
12
13
14
15
16
18
19
20
21
22
24
25
26
27
28
29
31
32
33
34
35
37
38
39
40
41
42
44
45
46
47
48
49
51
52
53
54
55
57
58
59
60
61
62
64
65
66
67
68
70
71
72
73
74
75
77
78
79
80
81
82
84
85","1
2
4
5
6
7
8
9
11
12
13
14
15
16
18
19
20
21
22
24
25
26
27
28
29
31
32
33
34
35
37
38
39
40
41
42
44
45
46
47
48
49
51
52
53
54
55
57
58
59
60
61
62
64
65
66
67
68
70
71
72
73
74
75
77
78
79
80
81
82
84
85
86
87
88
90
91
92
93
94
95
97
98
99",24-Apr-2017 11:18,Yvonne,24-Apr-2017 11:18,Yvonne,B8373BA3-291E-6D76-EDC3-17522F3BF5CF
6,IMEI_353967070546570,20-Apr-2017 04:13,1000903,KLINIK KESIHATAN BATU ANAM,86,100,25-Apr-2017 22:11,8,201612,17,113,22,"22
29
35
42
49
55
62
69
75
82
88
95
102
108
2
9
15","2
9
15
22
29
35
42
49
55
62
69
75
82
88
95
102
108",24-Apr-2017 11:52,Yvonne,24-Apr-2017 12:42,Yvonne,7D69E13E-43EB-9E14-BDA8-486FDD9E5642
6,IMEI_353967070546570,20-Apr-2017 04:13,1000903,KLINIK KESIHATAN BATU ANAM,86,101,25-Apr-2017 22:11,9,201704,84,149,138,"138
140
142
143
145
147
149
1
3
5
7
9
10
12
14
16
17
19
21
23
24
26
28
30
32
33
35
37
39
40
42
44
46
48
49
51
53
55
56
58
60
62
64
65
67
69
71
72
74
76
78
79
81
83
85
87
88
90
92
94
95
97
99
101
103
104
106
108
110
111
113
115
117
118
120
122
124
126
127
129
131
133
134
136","1
3
5
7
9
10
12
14
16
17
19
21
23
24
26
28
30
32
33
35
37
39
40
42
44
46
48
49
51
53
55
56
58
60
62
64
65
67
69
71
72
74
76
78
79
81
83
85
87
88
90
92
94
95
97
99
101
103
104
106
108
110
111
113
115
117
118
120
122
124
126
127
129
131
133
134
136
138
140
142
143
145
147
149",24-Apr-2017 13:30,Yvonne,24-Apr-2017 13:45,Yvonne,56406D48-1538-3AE1-C9CE-943F14F8EA93
6,IMEI_353967070546570,20-Apr-2017 04:13,1000903,KLINIK KESIHATAN BATU ANAM,86,102,25-Apr-2017 22:11,10,201701,17,146,53,"53
62
70
79
87
96
105
113
122
130
139
1
10
19
27
36
44","1
10
19
27
36
44
53
62
70
79
87
96
105
113
122
130
139",24-Apr-2017 14:56,Yvonne,24-Apr-2017 15:33,Yvonne,112B5C7E-8693-5BAE-3B41-B1582C052240
6,IMEI_353967070546570,20-Apr-2017 04:13,1000903,KLINIK KESIHATAN BATU ANAM,86,103,25-Apr-2017 22:11,11,201702,17,181,43,"43
54
64
75
86
96
107
118
128
139
149
160
171
181
11
22
32","11
22
32
43
54
64
75
86
96
107
118
128
139
149
160
171
181",24-Apr-2017 16:32,Yvonne,24-Apr-2017 17:53,Yvonne,9E0CB8C8-CFAE-6220-A559-7CFB0F4ABCAD
6,IMEI_353967070546570,20-Apr-2017 04:13,1000903,KLINIK KESIHATAN BATU ANAM,86,104,25-Apr-2017 22:11,12,201703,17,162,85,"85
95
104
114
123
133
142
152
161
9
18
28
37
47
56
66
75","9
18
28
37
47
56
66
75
85
95
104
114
123
133
142
152
161",24-Apr-2017 17:03,Yvonne,24-Apr-2017 17:04,Yvonne,7452A57F-9686-6D4B-9273-FE113E39214B
38,IMEI_353967070545622,20-Apr-2017 03:54,1000855,KLINIK KESIHATAN SENING,112,111,25-Apr-2017 22:34,2,201703,17,397,352,"352
375
2
25
48
72
95
118
142
165
189
212
235
259
282
305
329","2
25
48
72
95
118
142
165
189
212
235
259
282
305
329
352
375",23-Apr-2017 11:35,Aimi Nadiah Jamel,23-Apr-2017 11:36,Aimi Nadiah Jamel,C5EAFB2B-CB7E-6AEE-B8CA-98C300DB3332
38,IMEI_353967070545622,20-Apr-2017 03:54,1000855,KLINIK KESIHATAN SENING,112,112,25-Apr-2017 22:34,4,201702,17,410,16,"16
40
64
88
112
137
161
185
209
233
257
281
305
330
354
378
402","16
40
64
88
112
137
161
185
209
233
257
281
305
330
354
378
402",25-Apr-2017 06:17,Aimi Nadiah Jamel,25-Apr-2017 06:17,Aimi Nadiah Jamel,2AADF726-F233-FC72-352E-DF0D7050A4C6
38,IMEI_353967070545622,20-Apr-2017 03:54,1000855,KLINIK KESIHATAN SENING,112,113,25-Apr-2017 22:34,5,201701,17,414,172,"172
196
221
245
269
294
318
342
367
391
2
26
50
75
99
123
148","2
26
50
75
99
123
148
172
196
221
245
269
294
318
342
367
391",25-Apr-2017 08:34,Aimi Nadiah Jamel,25-Apr-2017 08:34,Aimi Nadiah Jamel,BE9AF0C9-DDDA-DB01-098F-490C7CDB8399
38,IMEI_353967070545622,20-Apr-2017 03:54,1000855,KLINIK KESIHATAN SENING,112,114,25-Apr-2017 22:34,6,201612,17,249,175,"175
190
204
219
234
248
14
29
43
58
72
87
102
116
131
146
160","14
29
43
58
72
87
102
116
131
146
160
175
190
204
219
234
248",25-Apr-2017 10:50,Aimi Nadiah Jamel,25-Apr-2017 10:50,Aimi Nadiah Jamel,A44DD472-ED5B-0E55-C827-AB058CFC29B1
38,IMEI_353967070545622,20-Apr-2017 03:54,1000855,KLINIK KESIHATAN SENING,112,115,25-Apr-2017 22:34,7,201611,17,336,201,"201
221
241
260
280
300
320
3
23
43
63
82
102
122
142
161
181","3
23
43
63
82
102
122
142
161
181
201
221
241
260
280
300
320",25-Apr-2017 11:01,Aimi Nadiah Jamel,25-Apr-2017 11:01,Aimi Nadiah Jamel,2A76B96A-65F2-CA76-3B78-9C5319C7E297
38,IMEI_353967070545622,20-Apr-2017 03:54,1000855,KLINIK KESIHATAN SENING,112,116,25-Apr-2017 22:34,8,201704,84,309,273,"273
277
280
284
288
291
295
299
302
306
1
4
8
12
16
19
23
27
30
34
38
41
45
49
52
56
60
63
67
71
74
78
82
85
89
93
96
100
104
107
111
115
119
122
126
130
133
137
141
144
148
152
155
159
163
166
170
174
177
181
185
188
192
196
199
203
207
210
214
218
222
225
229
233
236
240
244
247
251
255
258
262
266
269","1
4
8
12
16
19
23
27
30
34
38
41
45
49
52
56
60
63
67
71
74
78
82
85
89
93
96
100
104
107
111
115
119
122
126
130
133
137
141
144
148
152
155
159
163
166
170
174
177
181
185
188
192
196
199
203
207
210
214
218
222
225
229
233
236
240
244
247
251
255
258
262
266
269
273
277
280
284
288
291
295
299
302
306",25-Apr-2017 15:35,Aimi Nadiah Jamel,25-Apr-2017 15:36,Aimi Nadiah Jamel,C9D68C73-6586-4D28-17CC-6B2F9682EF36
28,IMEI_353967070546414,20-Apr-2017 03:55,1001754,KLINIK KESIHATAN TELOK DATOK,122,121,25-Apr-2017 22:46,3,201704,84,291,233,"233
236
240
243
247
250
254
257
261
264
268
271
275
278
282
285
288
1
4
8
11
15
18
22
25
29
32
36
39
42
46
49
53
56
60
63
67
70
74
77
81
84
88
91
94
98
101
105
108
112
115
119
122
126
129
133
136
139
143
146
150
153
157
160
164
167
171
174
178
181
185
188
191
195
198
202
205
209
212
216
219
223
226
230","1
4
8
11
15
18
22
25
29
32
36
39
42
46
49
53
56
60
63
67
70
74
77
81
84
88
91
94
98
101
105
108
112
115
119
122
126
129
133
136
139
143
146
150
153
157
160
164
167
171
174
178
181
185
188
191
195
198
202
205
209
212
216
219
223
226
230
233
236
240
243
247
250
254
257
261
264
268
271
275
278
282
285
288",25-Apr-2017 00:48,Aziani,25-Apr-2017 09:14,Aziani,404DA0EF-251D-2E8D-CF22-6DFDF4A61A8F
28,IMEI_353967070546414,20-Apr-2017 03:55,1001754,KLINIK KESIHATAN TELOK DATOK,122,122,25-Apr-2017 22:46,4,201704,84,132,2,"2
4
5
7
8
10
11
13
15
16
18
19
21
22
24
26
27
29
30
32
33
35
37
38
40
41
43
44
46
48
49
51
52
54
55
57
59
60
62
63
65
66
68
70
71
73
74
76
77
79
81
82
84
85
87
88
90
92
93
95
96
98
99
101
103
104
106
107
109
110
112
114
115
117
118
120
121
123
125
126
128
129
131
132","2
4
5
7
8
10
11
13
15
16
18
19
21
22
24
26
27
29
30
32
33
35
37
38
40
41
43
44
46
48
49
51
52
54
55
57
59
60
62
63
65
66
68
70
71
73
74
76
77
79
81
82
84
85
87
88
90
92
93
95
96
98
99
101
103
104
106
107
109
110
112
114
115
117
118
120
121
123
125
126
128
129
131
132",25-Apr-2017 00:51,Aziani,25-Apr-2017 00:54,Aziani,02997399-AF06-B061-B9A9-BB060BCAC52C
21,IMEI_353967070544674,20-Apr-2017 04:02,1000830,KLINIK KESIHATAN SRI GADING,124,123,25-Apr-2017 23:45,2,201704,84,119,79,"79
80
82
83
85
86
88
89
90
92
93
95
96
97
99
100
102
103
105
106
107
109
110
112
113
114
116
117
119
1
3
4
5
7
8
10
11
12
14
15
17
18
20
21
22
24
25
27
28
29
31
32
34
35
37
38
39
41
42
44
45
46
48
49
51
52
54
55
56
58
59
61
62
63
65
66
68
69
71
72
73
75
76
78","1
3
4
5
7
8
10
11
12
14
15
17
18
20
21
22
24
25
27
28
29
31
32
34
35
37
38
39
41
42
44
45
46
48
49
51
52
54
55
56
58
59
61
62
63
65
66
68
69
71
72
73
75
76
78
79
80
82
83
85
86
88
89
90
92
93
95
96
97
99
100
102
103
105
106
107
109
110
112
113
114
116
117
119",23-Apr-2017 09:10,Dr Masliyana,23-Apr-2017 09:11,Dr Masliyana,1013C945-F071-E9F8-E0FA-BACAE59B96BA
21,IMEI_353967070544674,20-Apr-2017 04:02,1000830,KLINIK KESIHATAN SRI GADING,124,124,25-Apr-2017 23:45,3,,,,,,,23-Apr-2017 09:18,Dr Masliyana,23-Apr-2017 09:18,Dr Masliyana,C2F33766-5B00-2CA0-656C-2AEFBFA02EC8
21,IMEI_353967070544674,20-Apr-2017 04:02,1000830,KLINIK KESIHATAN SRI GADING,124,125,25-Apr-2017 23:45,4,201704,84,128,116,"116
118
119
121
122
124
125
127
128
2
3
5
6
8
9
11
12
14
15
17
18
20
22
23
25
26
28
29
31
32
34
35
37
38
40
41
43
44
46
47
49
50
52
54
55
57
58
60
61
63
64
66
67
69
70
72
73
75
76
78
79
81
82
84
86
87
89
90
92
93
95
96
98
99
101
102
104
105
107
108
110
111
113
114","2
3
5
6
8
9
11
12
14
15
17
18
20
22
23
25
26
28
29
31
32
34
35
37
38
40
41
43
44
46
47
49
50
52
54
55
57
58
60
61
63
64
66
67
69
70
72
73
75
76
78
79
81
82
84
86
87
89
90
92
93
95
96
98
99
101
102
104
105
107
108
110
111
113
114
116
118
119
121
122
124
125
127
128",23-Apr-2017 09:43,Dr Masliyana,23-Apr-2017 10:41,Dr Masliyana,385CC481-DB0D-FE38-BBF0-CE9C478A35EE
21,IMEI_353967070544674,20-Apr-2017 04:02,1000830,KLINIK KESIHATAN SRI GADING,124,126,25-Apr-2017 23:45,5,,,,,,,23-Apr-2017 10:00,Dr Masliyana,23-Apr-2017 10:00,Dr Masliyana,4BDB57EF-088C-E3F2-782F-FB5281310831
21,IMEI_353967070544674,20-Apr-2017 04:02,1000830,KLINIK KESIHATAN SRI GADING,124,127,25-Apr-2017 23:45,6,201703,17,280,260,"260
276
13
29
46
62
79
95
112
128
145
161
178
194
211
227
244","13
29
46
62
79
95
112
128
145
161
178
194
211
227
244
260
276",23-Apr-2017 11:30,Dr Masliyana,23-Apr-2017 11:49,Dr Masliyana,6D485FCE-41CC-7819-6E5C-2B0096630F48
21,IMEI_353967070544674,20-Apr-2017 04:02,1000830,KLINIK KESIHATAN SRI GADING,124,128,25-Apr-2017 23:45,7,201703,17,177,167,"167
177
11
21
32
42
52
63
73
84
94
105
115
125
136
146
157","11
21
32
42
52
63
73
84
94
105
115
125
136
146
157
167
177",23-Apr-2017 11:49,Dr Masliyana,23-Apr-2017 11:49,Dr Masliyana,195C5F8E-E4A1-8E70-39A3-23538A173254
21,IMEI_353967070544674,20-Apr-2017 04:02,1000830,KLINIK KESIHATAN SRI GADING,124,129,25-Apr-2017 23:45,8,201611,17,161,42,"42
51
61
70
80
89
99
108
118
127
137
146
156
4
14
23
33","4
14
23
33
42
51
61
70
80
89
99
108
118
127
137
146
156",23-Apr-2017 11:56,Dr Masliyana,23-Apr-2017 11:59,Dr Masliyana,5757A35C-5A0F-E46C-4E8C-A344BA68BBD2
21,IMEI_353967070544674,20-Apr-2017 04:02,1000830,KLINIK KESIHATAN SRI GADING,124,130,25-Apr-2017 23:45,9,201702,17,148,53,"53
62
70
79
88
97
105
114
123
131
140
1
9
18
27
36
44","1
9
18
27
36
44
53
62
70
79
88
97
105
114
123
131
140",23-Apr-2017 12:06,Dr Masliyana,23-Apr-2017 12:06,Dr Masliyana,743830BD-2010-94A9-051D-C1445732B3DA
21,IMEI_353967070544674,20-Apr-2017 04:02,1000830,KLINIK KESIHATAN SRI GADING,124,131,25-Apr-2017 23:45,10,201702,17,255,53,"53
68
83
98
113
128
143
158
173
188
203
218
233
248
8
23
38","8
23
38
53
68
83
98
113
128
143
158
173
188
203
218
233
248",23-Apr-2017 12:09,Dr Masliyana,23-Apr-2017 12:09,Dr Masliyana,17637CC5-1DB9-F382-F981-12A366696460
21,IMEI_353967070544674,20-Apr-2017 04:02,1000830,KLINIK KESIHATAN SRI GADING,124,132,25-Apr-2017 23:45,11,201612,17,123,119,"119
3
10
18
25
32
39
47
54
61
68
76
83
90
97
105
112","3
10
18
25
32
39
47
54
61
68
76
83
90
97
105
112
119",23-Apr-2017 12:12,Dr Masliyana,23-Apr-2017 12:13,Dr Masliyana,6CB103BA-33B2-7D8E-3D5C-EC8D4731AD6D
21,IMEI_353967070544674,20-Apr-2017 04:02,1000830,KLINIK KESIHATAN SRI GADING,124,133,25-Apr-2017 23:45,12,201611,17,274,7,"7
23
39
55
71
88
104
120
136
152
168
184
200
217
233
249
265","7
23
39
55
71
88
104
120
136
152
168
184
200
217
233
249
265",23-Apr-2017 12:29,Dr Masliyana,23-Apr-2017 12:29,Dr Masliyana,5F5406B6-E2D9-1384-F5CB-429AC48FD3B7
21,IMEI_353967070544674,20-Apr-2017 04:02,1000830,KLINIK KESIHATAN SRI GADING,124,134,25-Apr-2017 23:45,13,201612,17,236,67,"67
81
95
109
123
136
150
164
178
192
206
220
234
11
25
39
53","11
25
39
53
67
81
95
109
123
136
150
164
178
192
206
220
234",23-Apr-2017 12:30,Dr Masliyana,23-Apr-2017 12:31,Dr Masliyana,DED11517-AF51-1880-2663-CFE6C7077D25
21,IMEI_353967070544674,20-Apr-2017 04:02,1000830,KLINIK KESIHATAN SRI GADING,124,135,25-Apr-2017 23:45,14,201701,17,155,143,"143
152
6
15
24
34
43
52
61
70
79
88
97
107
116
125
134","6
15
24
34
43
52
61
70
79
88
97
107
116
125
134
143
152",23-Apr-2017 12:36,Dr Masliyana,23-Apr-2017 12:37,Dr Masliyana,E18EAD1F-7B49-C275-CE86-25FED31A058C
21,IMEI_353967070544674,20-Apr-2017 04:02,1000830,KLINIK KESIHATAN SRI GADING,124,136,25-Apr-2017 23:45,15,201701,17,255,54,"54
69
84
99
114
129
144
159
174
189
204
219
234
249
9
24
39","9
24
39
54
69
84
99
114
129
144
159
174
189
204
219
234
249",23-Apr-2017 12:38,Dr Masliyana,23-Apr-2017 12:38,Dr Masliyana,09427157-8B23-4E88-286B-330CC873419A
36,IMEI_353967070544922,20-Apr-2017 04:43,1001754,KLINIK KESIHATAN TELOK DATOK,156,156,26-Apr-2017 18:49,1,,,,,,,23-Apr-2017 00:20,Aziani,23-Apr-2017 00:20,Aziani,3FD070D3-5DD0-3E1C-0108-CB0E0097FE2A
11,IMEI_353967070545283,20-Apr-2017 04:11,1000820,KLINIK KESIHATAN RENGIT,160,157,26-Apr-2017 18:55,3,201704,84,335,263,"263
267
271
275
279
283
287
291
295
299
303
307
311
315
319
323
327
331
335
4
8
12
16
20
24
28
32
36
40
44
48
52
56
60
64
68
72
76
80
84
88
92
96
99
103
107
111
115
119
123
127
131
135
139
143
147
151
155
159
163
167
171
175
179
183
187
191
195
199
203
207
211
215
219
223
227
231
235
239
243
247
251
255
259","4
8
12
16
20
24
28
32
36
40
44
48
52
56
60
64
68
72
76
80
84
88
92
96
99
103
107
111
115
119
123
127
131
135
139
143
147
151
155
159
163
167
171
175
179
183
187
191
195
199
203
207
211
215
219
223
227
231
235
239
243
247
251
255
259
263
267
271
275
279
283
287
291
295
299
303
307
311
315
319
323
327
331
335",23-Apr-2017 08:35,Jocelyn,23-Apr-2017 08:35,Jocelyn,C60CE6B6-BC8F-4353-6990-AA0530E6302B
11,IMEI_353967070545283,20-Apr-2017 04:11,1000820,KLINIK KESIHATAN RENGIT,160,158,26-Apr-2017 18:55,4,201611,17,346,26,"26
46
67
87
107
128
148
168
189
209
230
250
270
291
311
331
6","6
26
46
67
87
107
128
148
168
189
209
230
250
270
291
311
331",23-Apr-2017 09:28,Jocelyn,23-Apr-2017 09:29,Jocelyn,267EAF78-3491-256A-66C6-BF032D2F942F
11,IMEI_353967070545283,20-Apr-2017 04:11,1000820,KLINIK KESIHATAN RENGIT,160,159,26-Apr-2017 18:55,5,201611,17,276,16,"16
32
48
65
81
97
113
130
146
162
178
195
211
227
243
260
276","16
32
48
65
81
97
113
130
146
162
178
195
211
227
243
260
276",23-Apr-2017 09:54,Jocelyn,23-Apr-2017 09:54,Jocelyn,30D1C972-D716-D4C6-7F62-96B044091FA5
11,IMEI_353967070545283,20-Apr-2017 04:11,1000820,KLINIK KESIHATAN RENGIT,160,160,26-Apr-2017 18:55,6,201612,17,260,233,"233
248
4
19
34
49
65
80
95
111
126
141
157
172
187
202
218","4
19
34
49
65
80
95
111
126
141
157
172
187
202
218
233
248",23-Apr-2017 10:54,Jocelyn,23-Apr-2017 10:54,Jocelyn,D8330F27-2E58-974E-27CD-B14A681D767D
11,IMEI_353967070545283,20-Apr-2017 04:11,1000820,KLINIK KESIHATAN RENGIT,160,161,26-Apr-2017 18:55,7,201612,17,240,99,"99
113
127
141
155
170
184
198
212
226
240
14
28
43
57
71
85","14
28
43
57
71
85
99
113
127
141
155
170
184
198
212
226
240",23-Apr-2017 11:31,Jocelyn,23-Apr-2017 11:31,Jocelyn,5C2DA92D-4767-2963-FBF5-6C97FBCEDEA8
11,IMEI_353967070545283,20-Apr-2017 04:11,1000820,KLINIK KESIHATAN RENGIT,160,162,26-Apr-2017 18:55,8,201701,17,336,283,"283
303
323
6
26
46
66
85
105
125
145
164
184
204
224
243
263","6
26
46
66
85
105
125
145
164
184
204
224
243
263
283
303
323",23-Apr-2017 11:51,Jocelyn,23-Apr-2017 11:51,Jocelyn,A1958621-A1AF-A5B4-C4A5-82E9C214FC93
11,IMEI_353967070545283,20-Apr-2017 04:11,1000820,KLINIK KESIHATAN RENGIT,160,163,26-Apr-2017 18:55,9,201702,17,329,307,"307
326
17
36
55
75
94
113
133
152
172
191
210
230
249
268
288","17
36
55
75
94
113
133
152
172
191
210
230
249
268
288
307
326",23-Apr-2017 13:10,Jocelyn,23-Apr-2017 13:11,Jocelyn,2BAE8A8D-AB58-944A-495D-1A4D148F72B0
11,IMEI_353967070545283,20-Apr-2017 04:11,1000820,KLINIK KESIHATAN RENGIT,160,164,26-Apr-2017 18:55,10,201703,17,368,290,"290
312
333
355
9
30
52
74
95
117
138
160
182
203
225
247
268","9
30
52
74
95
117
138
160
182
203
225
247
268
290
312
333
355",23-Apr-2017 13:56,Jocelyn,23-Apr-2017 13:56,Jocelyn,7ED84AC2-E937-40AD-24BD-7FD02E82BCAB
11,IMEI_353967070545283,20-Apr-2017 04:11,1000820,KLINIK KESIHATAN RENGIT,160,165,26-Apr-2017 18:55,11,201704,84,306,197,"197
201
204
208
212
215
219
223
226
230
233
237
241
244
248
252
255
259
263
266
270
274
277
281
284
288
292
295
299
303
306
4
8
11
15
19
22
26
29
33
37
40
44
48
51
55
59
62
66
70
73
77
80
84
88
91
95
99
102
106
110
113
117
121
124
128
131
135
139
142
146
150
153
157
161
164
168
172
175
179
182
186
190
193","4
8
11
15
19
22
26
29
33
37
40
44
48
51
55
59
62
66
70
73
77
80
84
88
91
95
99
102
106
110
113
117
121
124
128
131
135
139
142
146
150
153
157
161
164
168
172
175
179
182
186
190
193
197
201
204
208
212
215
219
223
226
230
233
237
241
244
248
252
255
259
263
266
270
274
277
281
284
288
292
295
299
303
306",23-Apr-2017 14:38,Jocelyn,23-Apr-2017 14:38,Jocelyn,E8EA303F-7FE0-4699-E022-6CFAAB3AED09
11,IMEI_353967070545283,20-Apr-2017 04:11,1000820,KLINIK KESIHATAN RENGIT,160,166,26-Apr-2017 18:55,12,201704,84,313,185,"185
189
192
196
200
204
207
211
215
219
222
226
230
233
237
241
245
248
252
256
260
263
267
271
274
278
282
286
289
293
297
301
304
308
312
2
6
10
14
17
21
25
29
32
36
40
43
47
51
55
58
62
66
69
73
77
81
84
88
92
96
99
103
107
110
114
118
122
125
129
133
137
140
144
148
151
155
159
163
166
170
174
178
181","2
6
10
14
17
21
25
29
32
36
40
43
47
51
55
58
62
66
69
73
77
81
84
88
92
96
99
103
107
110
114
118
122
125
129
133
137
140
144
148
151
155
159
163
166
170
174
178
181
185
189
192
196
200
204
207
211
215
219
222
226
230
233
237
241
245
248
252
256
260
263
267
271
274
278
282
286
289
293
297
301
304
308
312",23-Apr-2017 15:20,Jocelyn,23-Apr-2017 15:21,Jocelyn,74567E71-0148-4A4B-9347-9CD112B8993D
11,IMEI_353967070545283,20-Apr-2017 04:11,1000820,KLINIK KESIHATAN RENGIT,160,167,26-Apr-2017 18:55,13,201701,17,304,183,"183
201
219
237
255
272
290
4
22
40
58
76
94
111
129
147
165","4
22
40
58
76
94
111
129
147
165
183
201
219
237
255
272
290",25-Apr-2017 12:17,Jocelyn,25-Apr-2017 12:17,Jocelyn,88530FF6-5157-E0BF-5E85-5A50CB52E14B
11,IMEI_353967070545283,20-Apr-2017 04:11,1000820,KLINIK KESIHATAN RENGIT,160,168,26-Apr-2017 18:55,14,201702,17,359,233,"233
254
275
296
317
339
1
22
43
64
85
106
127
149
170
191
212","1
22
43
64
85
106
127
149
170
191
212
233
254
275
296
317
339",25-Apr-2017 12:45,Jocelyn,25-Apr-2017 12:45,Jocelyn,1B085C13-7F1F-B570-A270-55AB113EBA3D
11,IMEI_353967070545283,20-Apr-2017 04:11,1000820,KLINIK KESIHATAN RENGIT,160,169,26-Apr-2017 18:55,15,201703,17,331,315,"315
3
23
42
62
81
101
120
140
159
179
198
218
237
257
276
296","3
23
42
62
81
101
120
140
159
179
198
218
237
257
276
296
315",25-Apr-2017 13:21,Jocelyn,25-Apr-2017 13:21,Jocelyn,BC78D1D5-0724-07D0-AA57-7CD70F9435F6
15,IMEI_353967070545788,20-Apr-2017 04:05,1000831,KLINIK KESIHATAN PARIT SULONG,162,170,26-Apr-2017 19:12,2,201611,17,402,361,"361
385
6
30
54
77
101
125
148
172
195
219
243
266
290
314
337","6
30
54
77
101
125
148
172
195
219
243
266
290
314
337
361
385",23-Apr-2017 10:43,Jacelyn,23-Apr-2017 11:30,Jacelyn,ADB8D466-DC1B-01BB-3279-E97E5D4E0046
15,IMEI_353967070545788,20-Apr-2017 04:05,1000831,KLINIK KESIHATAN PARIT SULONG,162,171,26-Apr-2017 19:12,3,201611,17,359,267,"267
288
309
330
351
14
35
56
77
98
119
140
161
183
204
225
246","14
35
56
77
98
119
140
161
183
204
225
246
267
288
309
330
351",23-Apr-2017 11:51,Jacelyn,23-Apr-2017 11:51,Jacelyn,43471506-B878-6FE0-CA45-71C9E2273CC3
15,IMEI_353967070545788,20-Apr-2017 04:05,1000831,KLINIK KESIHATAN PARIT SULONG,162,172,26-Apr-2017 19:12,4,201612,17,319,230,"230
249
268
286
305
5
24
42
61
80
99
117
136
155
174
192
211","5
24
42
61
80
99
117
136
155
174
192
211
230
249
268
286
305",23-Apr-2017 12:41,Jacelyn,23-Apr-2017 12:41,Jacelyn,BD78D07A-81F5-FA6C-30C0-91688B366E6B
15,IMEI_353967070545788,20-Apr-2017 04:05,1000831,KLINIK KESIHATAN PARIT SULONG,162,173,26-Apr-2017 19:12,5,201704,84,283,42,"42
45
49
52
55
59
62
66
69
72
76
79
82
86
89
93
96
99
103
106
109
113
116
119
123
126
130
133
136
140
143
146
150
153
157
160
163
167
170
173
177
180
184
187
190
194
197
200
204
207
210
214
217
221
224
227
231
234
237
241
244
248
251
254
258
261
264
268
271
274
278
281
2
5
8
12
15
18
22
25
29
32
35
39","2
5
8
12
15
18
22
25
29
32
35
39
42
45
49
52
55
59
62
66
69
72
76
79
82
86
89
93
96
99
103
106
109
113
116
119
123
126
130
133
136
140
143
146
150
153
157
160
163
167
170
173
177
180
184
187
190
194
197
200
204
207
210
214
217
221
224
227
231
234
237
241
244
248
251
254
258
261
264
268
271
274
278
281",23-Apr-2017 13:17,Jacelyn,23-Apr-2017 14:02,Jacelyn,8516EED3-4FFE-5C53-D4A6-115A8310B7F9
15,IMEI_353967070545788,20-Apr-2017 04:05,1000831,KLINIK KESIHATAN PARIT SULONG,162,174,26-Apr-2017 19:12,6,201612,17,309,122,"122
140
158
177
195
213
231
249
267
286
304
13
31
49
67
86
104","13
31
49
67
86
104
122
140
158
177
195
213
231
249
267
286
304",23-Apr-2017 14:02,Jacelyn,23-Apr-2017 14:57,Jacelyn,E203E770-AC55-701B-DD7C-012E142B73A4
15,IMEI_353967070545788,20-Apr-2017 04:05,1000831,KLINIK KESIHATAN PARIT SULONG,162,175,26-Apr-2017 19:12,7,201704,84,366,17,"17
21
26
30
34
39
43
48
52
56
61
65
69
74
78
82
87
91
95
100
104
109
113
117
122
126
130
135
139
143
148
152
156
161
165
170
174
178
183
187
191
196
200
204
209
213
217
222
226
231
235
239
244
248
252
257
261
265
270
274
278
283
287
292
296
300
305
309
313
318
322
326
331
335
339
344
348
353
357
361
366
4
8
13","4
8
13
17
21
26
30
34
39
43
48
52
56
61
65
69
74
78
82
87
91
95
100
104
109
113
117
122
126
130
135
139
143
148
152
156
161
165
170
174
178
183
187
191
196
200
204
209
213
217
222
226
231
235
239
244
248
252
257
261
265
270
274
278
283
287
292
296
300
305
309
313
318
322
326
331
335
339
344
348
353
357
361
366",23-Apr-2017 14:57,Jacelyn,23-Apr-2017 14:57,Jacelyn,DC493628-FF34-F5D8-A0B8-41D8F6A5C4B2
15,IMEI_353967070545788,20-Apr-2017 04:05,1000831,KLINIK KESIHATAN PARIT SULONG,162,176,26-Apr-2017 19:12,8,201703,17,315,41,"41
60
78
97
115
134
152
171
189
208
226
245
263
282
300
4
22","4
22
41
60
78
97
115
134
152
171
189
208
226
245
263
282
300",23-Apr-2017 15:51,Jacelyn,23-Apr-2017 16:36,Jacelyn,546134DF-3718-51B5-6435-0401784B77DD
15,IMEI_353967070545788,20-Apr-2017 04:05,1000831,KLINIK KESIHATAN PARIT SULONG,162,177,26-Apr-2017 19:12,9,201703,17,366,303,"303
325
346
2
23
45
66
88
109
131
152
174
195
217
238
260
281","2
23
45
66
88
109
131
152
174
195
217
238
260
281
303
325
346",23-Apr-2017 16:36,Jacelyn,23-Apr-2017 16:37,Jacelyn,425A92D2-5B53-673C-645E-CA791D9D231D
15,IMEI_353967070545788,20-Apr-2017 04:05,1000831,KLINIK KESIHATAN PARIT SULONG,162,178,26-Apr-2017 19:12,10,201701,17,360,272,"272
293
314
336
357
18
39
60
81
103
124
145
166
187
208
230
251","18
39
60
81
103
124
145
166
187
208
230
251
272
293
314
336
357",25-Apr-2017 08:40,Jacelyn,25-Apr-2017 08:41,Jacelyn,29F31F69-5F7C-8A4A-4ED4-30B7BCC8FD5C
15,IMEI_353967070545788,20-Apr-2017 04:05,1000831,KLINIK KESIHATAN PARIT SULONG,162,179,26-Apr-2017 19:12,11,201701,17,448,399,"399
425
4
30
56
83
109
135
162
188
215
241
267
294
320
346
373","4
30
56
83
109
135
162
188
215
241
267
294
320
346
373
399
425",25-Apr-2017 08:42,Jacelyn,25-Apr-2017 08:43,Jacelyn,A54EB578-0339-7415-B87B-43C4C7861873
15,IMEI_353967070545788,20-Apr-2017 04:05,1000831,KLINIK KESIHATAN PARIT SULONG,162,180,26-Apr-2017 19:12,12,201702,17,433,314,"314
339
365
390
416
8
34
59
85
110
136
161
187
212
238
263
289","8
34
59
85
110
136
161
187
212
238
263
289
314
339
365
390
416",25-Apr-2017 08:43,Jacelyn,25-Apr-2017 09:01,Jacelyn,6973E040-D365-E2A8-D290-7C478ECE2137
15,IMEI_353967070545788,20-Apr-2017 04:05,1000831,KLINIK KESIHATAN PARIT SULONG,162,181,26-Apr-2017 19:12,13,201702,17,351,290,"290
311
331
1
22
42
63
84
104
125
145
166
187
207
228
249
269","1
22
42
63
84
104
125
145
166
187
207
228
249
269
290
311
331",25-Apr-2017 08:44,Jacelyn,25-Apr-2017 08:44,Jacelyn,B0D09C6A-EB82-389C-CF3D-95F975403C76
34,IMEI_353967070546273,20-Apr-2017 04:15,1001740,KLINIK KESIHATAN BERANANG,183,182,26-Apr-2017 19:29,2,201704,84,235,12,"12
15
18
20
23
26
29
32
34
37
40
43
46
48
51
54
57
60
62
65
68
71
74
76
79
82
85
88
90
93
96
99
102
104
107
110
113
116
118
121
124
127
130
132
135
138
141
143
146
149
152
155
157
160
163
166
169
171
174
177
180
183
185
188
191
194
197
199
202
205
208
211
213
216
219
222
225
227
230
233
1
4
6
9","1
4
6
9
12
15
18
20
23
26
29
32
34
37
40
43
46
48
51
54
57
60
62
65
68
71
74
76
79
82
85
88
90
93
96
99
102
104
107
110
113
116
118
121
124
127
130
132
135
138
141
143
146
149
152
155
157
160
163
166
169
171
174
177
180
183
185
188
191
194
197
199
202
205
208
211
213
216
219
222
225
227
230
233",25-Apr-2017 09:16,Dr Faeiz Syezri Adzmin bin Jaaffar,25-Apr-2017 09:17,Dr Faeiz Syezri Adzmin bin Jaaffar,232E899E-C5F1-9879-3DD7-8C4B1A8B9BD7
34,IMEI_353967070546273,20-Apr-2017 04:15,1001740,KLINIK KESIHATAN BERANANG,183,183,26-Apr-2017 19:29,4,201704,84,123,7,"7
8
10
11
13
14
16
17
19
20
22
23
25
26
28
29
30
32
33
35
36
38
39
41
42
44
45
47
48
49
51
52
54
55
57
58
60
61
63
64
66
67
69
70
71
73
74
76
77
79
80
82
83
85
86
88
89
90
92
93
95
96
98
99
101
102
104
105
107
108
110
111
112
114
115
117
118
120
121
123
1
3
4
6","1
3
4
6
7
8
10
11
13
14
16
17
19
20
22
23
25
26
28
29
30
32
33
35
36
38
39
41
42
44
45
47
48
49
51
52
54
55
57
58
60
61
63
64
66
67
69
70
71
73
74
76
77
79
80
82
83
85
86
88
89
90
92
93
95
96
98
99
101
102
104
105
107
108
110
111
112
114
115
117
118
120
121
123",25-Apr-2017 11:17,Dr Faeiz Syezri Adzmin bin Jaaffar,25-Apr-2017 21:24,Dr Faeiz Syezri Adzmin bin Jaaffar,7C8D81B0-EFEB-D183-85D1-E30C72489DF7
34,IMEI_353967070546273,20-Apr-2017 04:15,1001740,KLINIK KESIHATAN BERANANG,183,184,26-Apr-2017 19:29,5,201611,17,355,70,"70
91
112
133
154
174
195
216
237
258
279
300
321
341
7
28
49","7
28
49
70
91
112
133
154
174
195
216
237
258
279
300
321
341",26-Apr-2017 08:21,Dr Faeiz Syezri Adzmin bin Jaaffar,26-Apr-2017 08:21,Dr Faeiz Syezri Adzmin bin Jaaffar,CAC1762D-300B-378E-45E4-51635239FB94
34,IMEI_353967070546273,20-Apr-2017 04:15,1001740,KLINIK KESIHATAN BERANANG,183,185,26-Apr-2017 19:29,6,201611,17,364,100,"100
121
143
164
186
207
228
250
271
293
314
336
357
14
36
57
79","14
36
57
79
100
121
143
164
186
207
228
250
271
293
314
336
357",26-Apr-2017 08:33,Dr Faeiz Syezri Adzmin bin Jaaffar,26-Apr-2017 08:36,Dr Faeiz Syezri Adzmin bin Jaaffar,198DAE86-B4FC-A2BC-9AAA-C8701C7DD090
34,IMEI_353967070546273,20-Apr-2017 04:15,1001740,KLINIK KESIHATAN BERANANG,183,186,26-Apr-2017 19:29,7,201612,17,407,82,"82
106
130
154
178
202
226
250
274
297
321
345
369
393
10
34
58","10
34
58
82
106
130
154
178
202
226
250
274
297
321
345
369
393",26-Apr-2017 15:43,Dr Faeiz Syezri Adzmin bin Jaaffar,26-Apr-2017 15:43,Dr Faeiz Syezri Adzmin bin Jaaffar,EB03ED44-BDFA-1D4C-AF2E-D24E7A67C432
34,IMEI_353967070546273,20-Apr-2017 04:15,1001740,KLINIK KESIHATAN BERANANG,183,187,26-Apr-2017 19:29,8,201612,17,387,2,"2
25
48
70
93
116
139
161
184
207
230
252
275
298
321
343
366","2
25
48
70
93
116
139
161
184
207
230
252
275
298
321
343
366",26-Apr-2017 15:45,Dr Faeiz Syezri Adzmin bin Jaaffar,26-Apr-2017 15:45,Dr Faeiz Syezri Adzmin bin Jaaffar,E84CB18F-72A9-E8D9-034E-EE0C4008F6F9
